id,first_name,last_name,email,gender,ip_address
1,Noam,Goodman,ngoodman0@economist.com,Male,29.197.158.231
2,Bobbye,Normington,bnormington1@purevolume.com,Female,149.154.5.187
3,Bill,Barkhouse,bbarkhouse2@intel.com,Female,159.95.195.207
4,Selinda,Benallack,sbenallack3@bbc.co.uk,Female,163.226.43.113
5,Rudy,Crottagh,rcrottagh4@webeden.co.uk,Male,143.59.29.14
6,Peter,Colbourne,pcolbourne5@hibu.com,Male,170.213.179.93
7,Suzy,Longrigg,slongrigg6@51.la,Female,74.26.35.85
8,Brana,Pierton,bpierton7@google.es,Female,70.59.233.244
9,Helyn,Spreag,hspreag8@craigslist.org,Female,224.112.102.143
10,Nerissa,Toye,ntoye9@linkedin.com,Female,241.132.118.49
11,Rois,Blogg,rblogga@businessweek.com,Female,227.147.69.242
12,Kelsey,Bugs,kbugsb@theguardian.com,Male,217.112.99.114
13,Agnes,Shorland,ashorlandc@tiny.cc,Female,51.139.42.16
14,Quinn,Shoard,qshoardd@amazon.com,Male,114.90.137.197
15,Jacky,Knapper,jknappere@sciencedaily.com,Male,63.204.142.43
16,Sol,Winfred,swinfredf@toplist.cz,Male,71.223.188.144
17,Godiva,Merlin,gmerling@about.me,Female,245.64.114.3
18,Eustacia,Hastin,ehastinh@cbc.ca,Female,27.36.59.59
19,Shana,Gelland,sgellandi@hostgator.com,Female,87.84.252.161
20,Merle,Kenrack,mkenrackj@altervista.org,Male,78.142.136.58
21,Kimmi,Santello,ksantellok@domainmarket.com,Female,5.195.36.188
22,Ahmad,Kinsella,akinsellal@google.nl,Male,134.70.242.145
23,Innis,Benwell,ibenwellm@tripadvisor.com,Male,66.113.2.194
24,Manfred,Hamby,mhambyn@desdev.cn,Male,224.144.16.51
25,Stafford,Nieass,snieasso@domainmarket.com,Male,67.164.201.242
26,Findlay,Houlson,fhoulsonp@studiopress.com,Male,247.227.133.75
27,Fernando,Beasley,fbeasleyq@free.fr,Male,140.67.109.35
28,Jake,Attle,jattler@pen.io,Male,88.114.166.102
29,Ailyn,Antognazzi,aantognazzis@dedecms.com,Female,119.128.173.16
30,Sibley,Vanni,svannit@furl.net,Female,206.117.150.28
31,Deane,Waison,dwaisonu@nifty.com,Male,200.112.248.33
32,Beltran,Simkiss,bsimkissv@sfgate.com,Male,185.206.44.12
33,Abraham,Pinwell,apinwellw@webs.com,Polygender,230.209.114.0
34,Monte,Leet,mleetx@infoseek.co.jp,Male,63.214.62.195
35,Ronny,Gary,rgaryy@artisteer.com,Male,252.170.138.151
36,Scarface,Fruchter,sfruchterz@shutterfly.com,Male,3.129.131.74
37,Pepita,Hosby,phosby10@vkontakte.ru,Female,3.169.87.172
38,Harmonie,Lardier,hlardier11@hp.com,Female,128.115.27.34
39,Kristofer,Blewis,kblewis12@devhub.com,Male,196.96.253.33
40,Linette,Courtier,lcourtier13@hhs.gov,Female,92.115.74.201
41,Dalton,Giabucci,dgiabucci14@slate.com,Male,16.11.206.220
42,Raleigh,Mancer,rmancer15@state.gov,Agender,92.83.171.20
43,Lishe,Backshall,lbackshall16@123-reg.co.uk,Female,226.247.82.73
44,Manolo,Semmens,msemmens17@skype.com,Male,16.124.159.237
45,Blondy,Novacek,bnovacek18@cisco.com,Female,244.251.238.247
46,Lalo,Toffolini,ltoffolini19@tamu.edu,Male,58.83.65.113
47,Polly,Lockner,plockner1a@cloudflare.com,Female,55.191.170.110
48,Bartlett,Buttery,bbuttery1b@stanford.edu,Male,168.141.15.246
49,Hortense,Leyrroyd,hleyrroyd1c@nature.com,Female,9.181.29.251
50,Holly,Rogister,hrogister1d@typepad.com,Female,180.219.183.137
51,Cheri,Beckinsall,cbeckinsall1e@jiathis.com,Polygender,228.173.137.243
52,Sib,Meaney,smeaney1f@fda.gov,Female,90.186.5.45
53,Brandyn,MacMaykin,bmacmaykin1g@thetimes.co.uk,Male,47.24.96.254
54,Valle,Vango,vvango1h@hatena.ne.jp,Male,69.46.69.173
55,Anissa,Sandeford,asandeford1i@hugedomains.com,Female,190.144.90.12
56,Josiah,Anthiftle,janthiftle1j@weibo.com,Male,102.165.5.49
57,Ethel,Tiptaft,etiptaft1k@chicagotribune.com,Female,117.101.140.254
58,Ellswerth,Rakestraw,erakestraw1l@t-online.de,Male,123.161.58.70
59,Marshall,Coldbreath,mcoldbreath1m@reddit.com,Male,110.89.226.40
60,Meredeth,Mingauld,mmingauld1n@flickr.com,Male,180.113.215.16
61,Imogen,Tippler,itippler1o@pinterest.com,Female,241.148.140.211
62,Chuck,Rothert,crothert1p@berkeley.edu,Male,78.120.191.161
63,Allyn,Rochford,arochford1q@alexa.com,Polygender,4.103.193.123
64,Sheela,Gowthorpe,sgowthorpe1r@ameblo.jp,Female,45.158.177.44
65,Flore,Isaacson,fisaacson1s@ted.com,Female,128.54.76.226
66,Johnny,Gibbe,jgibbe1t@goo.ne.jp,Male,210.194.152.120
67,Geri,Jendrusch,gjendrusch1u@ask.com,Female,74.162.95.165
68,Trev,Sawyers,tsawyers1v@ucoz.com,Male,120.100.119.18
69,Caresse,Ciccotti,cciccotti1w@cbsnews.com,Bigender,139.247.33.176
70,Dalenna,Eastment,deastment1x@merriam-webster.com,Female,172.214.24.111
71,Yorgos,Hayworth,yhayworth1y@si.edu,Male,85.154.127.92
72,Sandra,Iskowitz,siskowitz1z@dell.com,Agender,232.68.120.65
73,Aurilia,Heilds,aheilds20@wikipedia.org,Female,114.118.197.229
74,Thain,Bagworth,tbagworth21@si.edu,Male,223.46.24.217
75,Paton,Gorling,pgorling22@flickr.com,Male,241.115.159.76
76,Joel,Merdew,jmerdew23@buzzfeed.com,Male,116.162.203.47
77,Sven,Jiru,sjiru24@rakuten.co.jp,Male,61.143.53.16
78,Shaine,Ors,sors25@uol.com.br,Male,250.81.218.118
79,Violetta,Puckring,vpuckring26@ucoz.ru,Female,61.152.214.61
80,Antons,Kisar,akisar27@hao123.com,Male,202.220.176.82
81,Nilson,McMeyler,nmcmeyler28@cisco.com,Male,12.227.74.8
82,Wendy,Ketcher,wketcher29@wiley.com,Female,189.171.91.142
83,Abagael,Stredder,astredder2a@samsung.com,Female,146.139.168.183
84,Michel,Sappell,msappell2b@multiply.com,Male,206.115.108.75
85,Mohandas,Bryce,mbryce2c@ocn.ne.jp,Male,156.147.129.175
86,Etan,Daal,edaal2d@weibo.com,Male,42.216.244.249
87,Brandyn,Peake,bpeake2e@meetup.com,Male,126.218.125.153
88,Hedwiga,Aulton,haulton2f@ebay.com,Bigender,72.158.60.206
89,Allis,Simonel,asimonel2g@unicef.org,Female,245.119.53.27
90,Rodrick,Dwerryhouse,rdwerryhouse2h@ihg.com,Male,171.4.57.246
91,Emmott,Hengoed,ehengoed2i@pcworld.com,Male,232.222.139.179
92,Victoir,Greenhow,vgreenhow2j@photobucket.com,Male,244.143.174.201
93,Tobey,Fardy,tfardy2k@e-recht24.de,Genderqueer,217.145.224.97
94,Sibeal,Ouldred,souldred2l@cbc.ca,Female,31.190.0.135
95,Stefan,Strass,sstrass2m@mapy.cz,Male,143.54.229.156
96,Fara,Radwell,fradwell2n@google.cn,Female,26.69.52.190
97,Rhonda,Dallyn,rdallyn2o@skype.com,Female,226.161.54.3
98,Luke,Kinig,lkinig2p@goo.gl,Male,36.67.139.154
99,Corissa,Copsey,ccopsey2q@pen.io,Female,30.89.2.206
100,Molly,Vasilyev,mvasilyev2r@usda.gov,Female,207.30.81.37
101,Reilly,A'Barrow,rabarrow2s@bravesites.com,Male,219.34.27.145
102,Jamal,Rhule,jrhule2t@yellowpages.com,Agender,27.27.179.102
103,Willetta,Denholm,wdenholm2u@hostgator.com,Female,136.63.207.3
104,Torre,Gambrell,tgambrell2v@wunderground.com,Male,51.72.1.142
105,Galvan,Tansill,gtansill2w@amazon.de,Male,67.163.69.102
106,Berry,Pomphrett,bpomphrett2x@ucsd.edu,Female,143.178.171.25
107,Trista,Schimank,tschimank2y@mashable.com,Female,230.115.24.34
108,Yuma,Gilchrest,ygilchrest2z@prlog.org,Male,205.33.248.99
109,Jessi,Phelps,jphelps30@list-manage.com,Female,78.189.215.253
110,Lucais,Esler,lesler31@cnbc.com,Male,48.254.82.115
111,Caesar,Kalisz,ckalisz32@ow.ly,Male,146.0.237.42
112,Julie,Pretorius,jpretorius33@thetimes.co.uk,Polygender,74.86.108.125
113,Aleece,McElmurray,amcelmurray34@amazon.co.uk,Female,146.82.189.40
114,Ade,Snipe,asnipe35@mail.ru,Male,251.162.10.99
115,Lyndel,Keech,lkeech36@hatena.ne.jp,Female,45.79.109.195
116,Otto,Golby,ogolby37@google.com.hk,Male,190.121.44.52
117,Elston,Bearham,ebearham38@tinypic.com,Male,24.13.169.99
118,Piotr,Speke,pspeke39@diigo.com,Male,247.187.71.41
119,Caye,Dooley,cdooley3a@storify.com,Female,253.238.131.142
120,Shirline,Buney,sbuney3b@house.gov,Female,141.142.106.247
121,Friederike,Radden,fradden3c@dagondesign.com,Female,133.109.209.152
122,Stuart,Warren,swarren3d@amazon.co.jp,Male,187.113.52.61
123,Olenolin,Keppel,okeppel3e@cdc.gov,Male,192.160.129.161
124,Donia,Pauncefort,dpauncefort3f@dailymail.co.uk,Female,66.74.27.71
125,Barnard,Tamplin,btamplin3g@wikimedia.org,Male,106.175.209.24
126,Emmye,Mc-Kerley,emckerley3h@smugmug.com,Genderfluid,187.34.76.75
127,Rupert,Goschalk,rgoschalk3i@godaddy.com,Male,123.33.239.194
128,Maryann,Shackesby,mshackesby3j@elpais.com,Female,12.214.153.198
129,Massimo,Bowditch,mbowditch3k@addthis.com,Male,251.106.131.17
130,Blanche,Summers,bsummers3l@mail.ru,Female,27.153.205.95
131,Pierson,Sharnock,psharnock3m@yellowpages.com,Male,25.52.106.19
132,Derick,Jonuzi,djonuzi3n@discuz.net,Male,104.23.225.148
133,Jermaine,Shavel,jshavel3o@sina.com.cn,Male,43.55.90.41
134,Mathilda,Lante,mlante3p@theatlantic.com,Female,38.204.127.25
135,Selby,Dobble,sdobble3q@spotify.com,Male,96.24.86.183
136,Bailie,Anstis,banstis3r@time.com,Male,199.19.201.159
137,Hedda,Russan,hrussan3s@squidoo.com,Female,85.129.172.100
138,Dickie,Sabater,dsabater3t@indiatimes.com,Male,161.62.148.18
139,Berrie,Tovey,btovey3u@unblog.fr,Female,3.212.180.204
140,Dani,Oldfield-Cherry,doldfieldcherry3v@mashable.com,Female,23.93.43.45
141,Marjie,Woolner,mwoolner3w@google.ru,Female,158.103.23.187
142,Arabele,Ballingal,aballingal3x@umn.edu,Female,121.131.45.119
143,Clem,McDonagh,cmcdonagh3y@upenn.edu,Male,104.74.25.83
144,Maurene,Leather,mleather3z@seesaa.net,Female,143.27.198.41
145,Abigale,Brimelow,abrimelow40@fda.gov,Female,45.233.79.159
146,Vincent,Corbet,vcorbet41@ebay.com,Male,32.8.92.109
147,Lita,Konig,lkonig42@discuz.net,Female,127.123.150.248
148,Vanya,Pere,vpere43@bravesites.com,Male,0.125.37.136
149,Clemmie,Frape,cfrape44@jigsy.com,Male,116.218.40.90
150,Savina,Rock,srock45@whitehouse.gov,Female,3.5.162.67
151,Humphrey,Van Dale,hvandale46@nydailynews.com,Male,253.250.164.183
152,Nadine,Philpotts,nphilpotts47@dailymail.co.uk,Female,55.11.117.232
153,Emmet,Garnar,egarnar48@illinois.edu,Male,210.164.123.73
154,Claresta,Connachan,cconnachan49@skyrock.com,Female,32.227.118.233
155,Sherwynd,Coulton,scoulton4a@flickr.com,Male,2.76.219.84
156,Edythe,Lewsie,elewsie4b@php.net,Female,226.87.32.254
157,Cesya,Jarry,cjarry4c@chronoengine.com,Female,198.239.122.112
158,Sara,Loudyan,sloudyan4d@princeton.edu,Female,26.148.237.196
159,Gustav,Silcox,gsilcox4e@fc2.com,Male,161.198.9.41
160,Quent,Macak,qmacak4f@hexun.com,Male,50.0.15.248
161,Douglas,Jaulme,djaulme4g@uiuc.edu,Male,110.44.95.128
162,Alessandra,Mandry,amandry4h@netvibes.com,Female,239.245.82.40
163,Piggy,Skylett,pskylett4i@microsoft.com,Male,221.247.190.1
164,Valencia,Filipczynski,vfilipczynski4j@joomla.org,Female,178.110.54.120
165,Loutitia,Wooster,lwooster4k@omniture.com,Bigender,252.236.125.187
166,Wolfie,Brazear,wbrazear4l@t.co,Male,132.210.7.60
167,Vladimir,Algore,valgore4m@g.co,Male,217.255.254.178
168,Tamar,Southerill,tsoutherill4n@about.me,Female,10.69.135.234
169,Auberon,Brenstuhl,abrenstuhl4o@reddit.com,Male,226.98.146.169
170,Farrand,Jeune,fjeune4p@tmall.com,Female,147.197.203.123
171,Fonzie,De Vile,fdevile4q@sogou.com,Male,193.3.214.169
172,Far,Tennant,ftennant4r@pcworld.com,Male,177.255.135.243
173,Janean,Ferrettino,jferrettino4s@pinterest.com,Non-binary,252.62.74.27
174,Barbara-anne,Ginity,bginity4t@clickbank.net,Female,127.222.254.115
175,Jacki,Cartin,jcartin4u@rakuten.co.jp,Female,98.13.15.193
176,Hew,Simic,hsimic4v@wiley.com,Male,21.219.60.156
177,Stillmann,Fido,sfido4w@shareasale.com,Male,222.181.57.32
178,Renault,Luesley,rluesley4x@nbcnews.com,Male,127.128.73.51
179,Cyrill,Hayball,chayball4y@webeden.co.uk,Male,211.141.90.59
180,Lacy,Maris,lmaris4z@networkadvertising.org,Female,7.68.221.194
181,Delano,Wehden,dwehden50@amazon.co.uk,Male,179.212.31.159
182,Tammara,Penwarden,tpenwarden51@cpanel.net,Female,65.215.123.212
183,Lotti,Hamnet,lhamnet52@yale.edu,Female,21.44.97.173
184,Leoine,Stearn,lstearn53@dailymotion.com,Female,253.85.75.184
185,Yvor,Nockalls,ynockalls54@comcast.net,Male,52.221.173.230
186,Dolly,Spoerl,dspoerl55@nature.com,Female,250.170.105.177
187,Marie-jeanne,Machans,mmachans56@census.gov,Female,198.104.220.131
188,Cirstoforo,Launchbury,claunchbury57@istockphoto.com,Male,94.79.150.92
189,Katrina,Hamblin,khamblin58@chronoengine.com,Female,113.6.178.210
190,Felisha,Marzella,fmarzella59@google.ca,Female,189.165.68.91
191,Tana,Corre,tcorre5a@rakuten.co.jp,Bigender,158.110.66.63
192,Robbie,Ell,rell5b@netvibes.com,Male,85.229.213.191
193,Meghan,Risdale,mrisdale5c@nytimes.com,Female,209.247.201.133
194,Randal,Rignold,rrignold5d@webs.com,Male,46.158.105.111
195,Drusi,Sonier,dsonier5e@macromedia.com,Female,96.26.4.204
196,Yuma,Yurocjhin,yyurocjhin5f@meetup.com,Male,167.11.122.193
197,Shannah,Palmer,spalmer5g@xrea.com,Female,109.90.69.198
198,Abigail,Rivalland,arivalland5h@biglobe.ne.jp,Female,142.203.234.3
199,Amalea,Uc,auc5i@bbc.co.uk,Female,225.232.182.80
200,Kaye,Latimer,klatimer5j@vistaprint.com,Female,199.248.74.84
201,Pascale,Ellery,pellery5k@360.cn,Male,181.8.109.72
202,Dov,Mercy,dmercy5l@devhub.com,Male,190.61.241.121
203,Clive,Mor,cmor5m@state.tx.us,Male,40.20.39.137
204,Patricio,Ickovitz,pickovitz5n@reuters.com,Male,14.47.219.23
205,Margot,Brisset,mbrisset5o@imageshack.us,Female,185.238.77.92
206,Taite,Cockburn,tcockburn5p@163.com,Male,99.54.56.177
207,Marshal,Mungham,mmungham5q@tinypic.com,Male,66.141.240.155
208,Theresita,Carley,tcarley5r@cocolog-nifty.com,Female,31.211.91.3
209,Jasmin,Tackes,jtackes5s@dropbox.com,Female,177.198.148.76
210,Wilhelmina,Warre,wwarre5t@techcrunch.com,Female,161.241.26.8
211,Fanya,McLanachan,fmclanachan5u@cpanel.net,Genderfluid,219.185.125.69
212,Cornelle,Houliston,chouliston5v@japanpost.jp,Female,253.41.73.235
213,Edna,Tresler,etresler5w@about.me,Female,103.38.119.111
214,Corri,Early,cearly5x@bbc.co.uk,Female,95.236.86.46
215,Cordie,Shakle,cshakle5y@oakley.com,Male,22.210.77.36
216,Rosaline,Lord,rlord5z@unicef.org,Female,14.242.143.78
217,Alison,Callender,acallender60@dyndns.org,Female,139.85.10.140
218,Roarke,Rowlin,rrowlin61@studiopress.com,Male,19.37.79.166
219,Shayne,St. Aubyn,sstaubyn62@woothemes.com,Male,181.10.7.97
220,Sky,Drain,sdrain63@ihg.com,Male,205.136.135.134
221,Titus,Keeltagh,tkeeltagh64@mapquest.com,Male,239.205.211.246
222,Carolina,McCrie,cmccrie65@scientificamerican.com,Female,117.58.183.118
223,Shepard,Hotton,shotton66@meetup.com,Male,131.21.218.56
224,Dorothea,Dovinson,ddovinson67@globo.com,Female,20.116.177.232
225,Cherie,Whiston,cwhiston68@lycos.com,Female,179.247.223.32
226,Crawford,Mellon,cmellon69@state.gov,Male,26.28.5.89
227,Hoyt,McMeanma,hmcmeanma6a@narod.ru,Male,50.8.99.231
228,Erinna,Terrazzo,eterrazzo6b@example.com,Female,237.190.250.221
229,Ikey,Maginot,imaginot6c@wisc.edu,Male,73.68.41.163
230,Lori,Speeks,lspeeks6d@webeden.co.uk,Polygender,35.171.89.108
231,Tamma,Jelkes,tjelkes6e@independent.co.uk,Female,211.67.201.243
232,Tabbatha,Jozwicki,tjozwicki6f@google.com,Female,25.204.59.170
233,Gretel,Holdforth,gholdforth6g@ameblo.jp,Female,111.98.180.80
234,Brod,Leaman,bleaman6h@wikimedia.org,Male,44.106.247.14
235,Jonie,Conklin,jconklin6i@vimeo.com,Female,31.155.204.41
236,Devlen,Wherton,dwherton6j@wordpress.com,Male,174.181.214.66
237,Ruben,Yushkov,ryushkov6k@skype.com,Male,141.4.51.54
238,Torrin,Kopfer,tkopfer6l@foxnews.com,Male,127.21.217.72
239,Halsey,Gounel,hgounel6m@wikia.com,Male,94.180.128.25
240,Rafa,Kilban,rkilban6n@wufoo.com,Female,140.80.237.85
241,Milt,Raff,mraff6o@sfgate.com,Male,18.41.56.148
242,Terrye,Pernell,tpernell6p@spotify.com,Female,198.206.38.248
243,Cassie,Flower,cflower6q@google.com.br,Female,206.8.189.205
244,Shoshana,Glinde,sglinde6r@cbslocal.com,Female,132.92.163.142
245,Hortensia,Gwyneth,hgwyneth6s@moonfruit.com,Female,37.124.110.155
246,Morgen,Durban,mdurban6t@myspace.com,Female,235.155.51.191
247,Scarlet,Clubbe,sclubbe6u@marketwatch.com,Female,203.142.11.48
248,Shea,Evert,severt6v@eventbrite.com,Male,46.28.22.216
249,Kesley,Ledgerton,kledgerton6w@merriam-webster.com,Female,182.251.249.169
250,Gladys,Melbourn,gmelbourn6x@wikispaces.com,Female,165.235.86.203
251,Renault,Cracoe,rcracoe6y@economist.com,Male,189.64.38.125
252,Benetta,Versey,bversey6z@goo.gl,Female,150.162.95.250
253,Caresse,De Fraine,cdefraine70@epa.gov,Polygender,59.141.182.182
254,Isahella,Francesco,ifrancesco71@mlb.com,Bigender,27.100.156.1
255,Myrvyn,Peasey,mpeasey72@ebay.com,Male,100.138.244.78
256,Jorgan,Cutcliffe,jcutcliffe73@apache.org,Male,250.227.220.11
257,Gasparo,Shucksmith,gshucksmith74@wix.com,Male,185.179.185.181
258,Kalvin,Goroni,kgoroni75@apple.com,Male,128.18.23.141
259,Glori,Castellanos,gcastellanos76@dailymotion.com,Female,130.134.54.198
260,Stuart,Treves,streves77@clickbank.net,Male,76.57.111.92
261,Rowe,Iacoviello,riacoviello78@java.com,Female,206.173.69.89
262,Leonelle,Wratten,lwratten79@psu.edu,Female,23.9.50.18
263,Jessica,Cutts,jcutts7a@sfgate.com,Genderqueer,86.70.155.156
264,Terrel,Gallant,tgallant7b@admin.ch,Male,180.198.70.112
265,Alvin,Tregunna,atregunna7c@ft.com,Male,149.39.58.131
266,Andy,Dowell,adowell7d@indiatimes.com,Female,90.130.90.138
267,Paula,Botfield,pbotfield7e@accuweather.com,Female,155.109.77.158
268,Gran,Troop,gtroop7f@deliciousdays.com,Male,224.69.12.222
269,Layne,Mallock,lmallock7g@google.co.uk,Non-binary,184.116.47.170
270,Winny,Aston,waston7h@xrea.com,Male,175.119.108.233
271,Torin,Eloy,teloy7i@yellowpages.com,Male,250.110.234.111
272,Reine,Lynnett,rlynnett7j@cpanel.net,Female,174.168.30.152
273,Quinton,Fritz,qfritz7k@ezinearticles.com,Male,90.20.135.14
274,Kasey,Franckton,kfranckton7l@w3.org,Female,134.96.141.138
275,Sterling,Petticrow,spetticrow7m@github.com,Bigender,242.156.224.114
276,Yolanda,Skentelbury,yskentelbury7n@wikipedia.org,Female,196.217.36.169
277,Artair,Eskriet,aeskriet7o@ycombinator.com,Genderfluid,189.221.109.191
278,Bert,Bikker,bbikker7p@ihg.com,Male,151.228.81.161
279,Terrell,Dymott,tdymott7q@acquirethisname.com,Male,15.185.239.41
280,Neville,Grumble,ngrumble7r@sakura.ne.jp,Male,53.244.3.133
281,Giuditta,Shoebottom,gshoebottom7s@xinhuanet.com,Female,119.194.50.178
282,Zared,Poupard,zpoupard7t@google.pl,Male,47.221.230.158
283,Ceciley,Detoile,cdetoile7u@ucoz.com,Female,117.97.38.12
284,Leann,Elgram,lelgram7v@shutterfly.com,Female,130.119.224.165
285,Norby,Storr,nstorr7w@amazon.co.uk,Male,21.72.208.32
286,Brandy,Izakof,bizakof7x@shop-pro.jp,Male,205.140.162.176
287,Scotty,Rawsen,srawsen7y@businesswire.com,Male,214.205.60.65
288,Deeann,Mattiuzzi,dmattiuzzi7z@admin.ch,Female,203.164.153.171
289,Margie,Beddall,mbeddall80@chron.com,Female,18.251.211.143
290,Rozella,Peizer,rpeizer81@house.gov,Female,168.203.107.121
291,Jefferson,Rutledge,jrutledge82@imdb.com,Male,23.57.145.26
292,Corrinne,Jedrzejczyk,cjedrzejczyk83@symantec.com,Female,169.236.0.191
293,Candida,Aspel,caspel84@ask.com,Female,239.213.25.181
294,Zaria,Meffen,zmeffen85@hc360.com,Female,221.158.199.245
295,Gerard,Niesing,gniesing86@tiny.cc,Non-binary,189.170.16.114
296,Yorgos,Mountstephen,ymountstephen87@craigslist.org,Male,107.202.215.121
297,Hank,Jankovic,hjankovic88@army.mil,Male,29.162.26.15
298,Terri,Chat,tchat89@weebly.com,Male,143.43.69.57
299,Anna-diana,Irvine,airvine8a@accuweather.com,Female,196.141.97.243
300,Dixie,Pollack,dpollack8b@google.it,Female,96.184.69.197
301,Carling,Dunwoody,cdunwoody8c@bizjournals.com,Male,95.104.246.190
302,Jermayne,Gunny,jgunny8d@last.fm,Male,18.183.40.174
303,Silva,Franssen,sfranssen8e@yellowbook.com,Female,42.50.75.243
304,Stefanie,Callicott,scallicott8f@earthlink.net,Female,200.180.142.219
305,Geneva,McCrum,gmccrum8g@cpanel.net,Bigender,199.60.95.52
306,Margarita,Meldrum,mmeldrum8h@unc.edu,Female,70.246.66.20
307,Ally,Bisatt,abisatt8i@ocn.ne.jp,Female,79.248.62.58
308,Garvin,McBeth,gmcbeth8j@microsoft.com,Male,131.130.21.235
309,Kristy,Druitt,kdruitt8k@apache.org,Female,112.153.250.100
310,Chandler,Kubin,ckubin8l@earthlink.net,Male,250.157.116.13
311,Willie,Baum,wbaum8m@simplemachines.org,Female,157.136.207.172
312,Phillie,Austwick,paustwick8n@sina.com.cn,Non-binary,19.207.216.225
313,Terrance,Wilmington,twilmington8o@admin.ch,Male,170.242.212.147
314,Sterling,Boaler,sboaler8p@phoca.cz,Male,138.23.35.22
315,Maurizio,Thomson,mthomson8q@so-net.ne.jp,Male,36.85.158.222
316,Shepperd,Dyball,sdyball8r@istockphoto.com,Male,201.220.238.69
317,Tracey,Kohnemann,tkohnemann8s@fc2.com,Female,254.137.151.60
318,Verla,Smees,vsmees8t@ustream.tv,Agender,181.232.52.207
319,Paddy,Ansett,pansett8u@istockphoto.com,Male,85.43.52.58
320,Alistair,Hek,ahek8v@furl.net,Male,87.133.153.2
321,Grannie,Nichols,gnichols8w@nps.gov,Genderfluid,93.220.228.197
322,Amory,Mahoney,amahoney8x@nationalgeographic.com,Male,176.18.108.108
323,Juliet,Lindsey,jlindsey8y@arizona.edu,Bigender,24.64.79.224
324,Katey,Gayton,kgayton8z@mysql.com,Female,110.174.127.39
325,Loralie,Beedom,lbeedom90@oakley.com,Female,11.216.6.220
326,Obed,Diperaus,odiperaus91@senate.gov,Male,69.142.134.212
327,Lydon,Creedland,lcreedland92@tinypic.com,Male,230.144.131.105
328,Alwin,Norkett,anorkett93@google.pl,Male,7.46.248.172
329,Roarke,Heaven,rheaven94@salon.com,Male,57.216.217.14
330,Gayle,Westoff,gwestoff95@state.gov,Female,147.128.217.37
331,Karlen,Kelso,kkelso96@sitemeter.com,Female,38.82.247.58
332,Lazaro,Curton,lcurton97@ftc.gov,Male,222.182.79.230
333,Shamus,Brose,sbrose98@1und1.de,Male,136.199.59.43
334,Redd,Stalf,rstalf99@skyrock.com,Male,236.106.219.87
335,Nadine,Whelband,nwhelband9a@smh.com.au,Genderqueer,132.21.190.242
336,Malachi,Brassington,mbrassington9b@princeton.edu,Male,9.189.49.48
337,Jakob,Plumb,jplumb9c@miitbeian.gov.cn,Polygender,83.222.163.194
338,Jessalyn,Savoury,jsavoury9d@t-online.de,Female,53.208.77.124
339,Keefe,Vanlint,kvanlint9e@storify.com,Male,122.148.121.86
340,Stevie,Deboy,sdeboy9f@yale.edu,Genderqueer,144.87.32.177
341,Tyson,Acres,tacres9g@amazon.de,Male,193.130.27.19
342,Winn,MacAlaster,wmacalaster9h@geocities.com,Male,166.146.246.162
343,Fionnula,Daudray,fdaudray9i@macromedia.com,Female,143.175.66.104
344,Shelba,Winckworth,swinckworth9j@fc2.com,Female,250.18.126.0
345,Gilemette,Leon,gleon9k@senate.gov,Female,8.240.37.33
346,Lottie,O'Growgane,logrowgane9l@wix.com,Female,53.143.196.198
347,Ninette,Bickford,nbickford9m@cnn.com,Female,151.135.199.221
348,Katlin,Gaven,kgaven9n@prlog.org,Female,149.247.145.106
349,Glynis,Feaver,gfeaver9o@shutterfly.com,Female,60.13.15.230
350,Bili,Karlowicz,bkarlowicz9p@slashdot.org,Female,8.8.211.201
351,Boonie,Arnould,barnould9q@disqus.com,Male,12.76.245.15
352,Truda,Abberley,tabberley9r@facebook.com,Female,187.80.198.49
353,Cyrus,Denes,cdenes9s@marketwatch.com,Male,186.80.188.221
354,Haskell,Hoyt,hhoyt9t@home.pl,Male,225.182.86.202
355,Hobart,Osburn,hosburn9u@forbes.com,Male,87.67.109.179
356,Lavinie,Paulley,lpaulley9v@yellowpages.com,Female,14.161.246.112
357,Lusa,Campey,lcampey9w@time.com,Non-binary,221.111.58.54
358,Lorine,Flannery,lflannery9x@deviantart.com,Female,135.232.53.41
359,Brendon,Holbarrow,bholbarrow9y@usa.gov,Male,245.225.164.226
360,Ealasaid,Pepperrall,epepperrall9z@jimdo.com,Female,9.107.96.155
361,Marys,Ruskin,mruskina0@indiegogo.com,Female,25.51.90.233
362,Sayre,Rowswell,srowswella1@blogspot.com,Male,35.126.215.36
363,Sharyl,McTeague,smcteaguea2@cbslocal.com,Female,17.212.126.145
364,Konrad,Seleway,kselewaya3@google.fr,Male,66.162.12.253
365,Sophie,Halbert,shalberta4@upenn.edu,Female,127.144.231.171
366,Enrique,Lippett,elippetta5@hud.gov,Male,194.30.60.7
367,Uriah,Bendig,ubendiga6@instagram.com,Male,251.98.228.119
368,Fergus,Fideler,ffidelera7@joomla.org,Male,20.133.82.203
369,Cesare,Follitt,cfollitta8@yellowbook.com,Male,90.126.103.207
370,Dennis,Oakeshott,doakeshotta9@cnbc.com,Male,156.248.181.21
371,Emmy,Sharphouse,esharphouseaa@yolasite.com,Female,153.73.79.115
372,Ansley,Perri,aperriab@usa.gov,Female,131.147.130.169
373,Morse,Easbie,measbieac@ed.gov,Male,177.182.55.224
374,Paddy,Troak,ptroakad@rambler.ru,Male,101.128.157.112
375,Darrelle,Laurence,dlaurenceae@godaddy.com,Agender,250.4.83.160
376,Alysia,Lovel,alovelaf@dion.ne.jp,Female,217.62.52.194
377,Horacio,Farncombe,hfarncombeag@yelp.com,Male,45.138.244.51
378,Lacy,Mears,lmearsah@netscape.com,Female,237.40.242.169
379,Ulrike,Adderley,uadderleyai@fda.gov,Polygender,125.237.252.104
380,Lenka,Rissom,lrissomaj@yale.edu,Female,179.77.133.40
381,Lynn,Gaffer,lgafferak@vinaora.com,Male,227.210.77.253
382,Yul,Wandrach,ywandrachal@huffingtonpost.com,Male,144.133.244.165
383,Van,Gianotti,vgianottiam@macromedia.com,Female,188.207.162.216
384,Cal,Braddon,cbraddonan@about.com,Male,190.212.14.237
385,Goldie,Sauniere,gsauniereao@wordpress.com,Female,34.123.141.136
386,Desdemona,Leijs,dleijsap@unesco.org,Female,138.203.185.193
387,Tuesday,Overpool,toverpoolaq@omniture.com,Female,220.108.229.233
388,Alan,Hailston,ahailstonar@diigo.com,Male,198.217.66.132
389,Tucker,Betterton,tbettertonas@deviantart.com,Male,230.196.137.89
390,Ebonee,Harling,eharlingat@sakura.ne.jp,Female,177.203.210.91
391,Ariel,Wennam,awennamau@ft.com,Male,187.12.49.134
392,Wallie,Mountfort,wmountfortav@bing.com,Male,71.111.215.255
393,Mathe,Gregory,mgregoryaw@yellowbook.com,Male,14.146.185.78
394,Otto,Kmiec,okmiecax@printfriendly.com,Male,253.54.89.15
395,Gray,Georgiev,ggeorgievay@kickstarter.com,Male,253.169.12.115
396,Adele,Maysor,amaysoraz@infoseek.co.jp,Female,181.24.188.28
397,Rodrique,Kelso,rkelsob0@rediff.com,Male,63.221.205.83
398,Dacey,Culligan,dculliganb1@google.de,Female,199.208.145.250
399,Kaela,Andress,kandressb2@si.edu,Female,25.106.35.235
400,Buddie,Chaves,bchavesb3@sun.com,Male,128.204.96.226
401,Olivero,McAlister,omcalisterb4@t.co,Bigender,172.117.228.167
402,Kurt,Dearnaley,kdearnaleyb5@netscape.com,Male,78.101.73.142
403,Zacharias,Tant,ztantb6@nsw.gov.au,Male,182.93.135.233
404,Raphael,Canedo,rcanedob7@oracle.com,Male,149.240.147.88
405,Florrie,Greenhall,fgreenhallb8@cornell.edu,Female,120.63.168.54
406,Jarad,Nozzolii,jnozzoliib9@nifty.com,Male,183.174.131.169
407,Cosimo,McLagan,cmclaganba@amazon.co.uk,Male,218.157.174.199
408,Judith,Maylam,jmaylambb@livejournal.com,Genderqueer,20.192.43.117
409,Jesselyn,Champain,jchampainbc@statcounter.com,Polygender,128.173.63.230
410,Ardyce,Lambillion,alambillionbd@devhub.com,Female,36.79.166.243
411,Alanson,Bonallick,abonallickbe@chicagotribune.com,Male,187.134.180.223
412,Huntington,Mickan,hmickanbf@discuz.net,Male,116.23.203.36
413,Merl,Keeton,mkeetonbg@biglobe.ne.jp,Female,44.33.100.31
414,Lorne,MacDonald,lmacdonaldbh@behance.net,Male,166.43.151.206
415,Galvan,Gonneau,ggonneaubi@a8.net,Male,132.26.133.66
416,Kiersten,Hardistry,khardistrybj@hud.gov,Female,171.100.67.5
417,Woodrow,Shillingford,wshillingfordbk@latimes.com,Male,26.227.13.216
418,Edithe,Brine,ebrinebl@nationalgeographic.com,Female,197.108.81.86
419,Quinta,Joanic,qjoanicbm@amazon.co.jp,Female,217.96.227.136
420,Allard,Danforth,adanforthbn@state.tx.us,Male,26.206.90.186
421,Cristie,Brewood,cbrewoodbo@storify.com,Female,122.29.48.126
422,Prudence,Dewerson,pdewersonbp@infoseek.co.jp,Female,249.77.86.134
423,Marja,Woltman,mwoltmanbq@earthlink.net,Female,98.212.30.186
424,Hiram,Huegett,hhuegettbr@yahoo.com,Male,57.46.252.65
425,Stormie,Ewington,sewingtonbs@yahoo.com,Female,50.172.193.187
426,Morissa,Lening,mleningbt@trellian.com,Female,120.182.68.77
427,Ayn,Ply,aplybu@si.edu,Female,252.6.70.218
428,Marney,Rhucroft,mrhucroftbv@time.com,Female,88.232.232.83
429,Coralie,Hews,chewsbw@webeden.co.uk,Female,56.55.236.168
430,Damian,Rumble,drumblebx@technorati.com,Male,0.21.42.32
431,Barrett,Bolino,bbolinoby@last.fm,Male,56.208.48.2
432,Bartolomeo,Tarply,btarplybz@unc.edu,Bigender,182.51.225.67
433,Chrystel,Draxford,cdraxfordc0@imageshack.us,Female,144.110.107.63
434,Keen,Pym,kpymc1@indiegogo.com,Male,180.223.78.106
435,Yard,Stollenberg,ystollenbergc2@businessweek.com,Male,230.123.17.47
436,Amory,Duckfield,aduckfieldc3@fc2.com,Male,42.60.209.160
437,Miltie,Rominov,mrominovc4@sitemeter.com,Male,222.241.136.111
438,Kermie,Gowrich,kgowrichc5@springer.com,Male,157.236.2.84
439,Taite,Dethloff,tdethloffc6@networkadvertising.org,Male,38.97.20.223
440,Guillema,McDonnell,gmcdonnellc7@drupal.org,Female,197.155.181.150
441,Abram,Herley,aherleyc8@unblog.fr,Non-binary,216.204.232.245
442,Jermaine,Rottgers,jrottgersc9@microsoft.com,Male,113.212.2.0
443,Tristan,Gligoraci,tgligoracica@csmonitor.com,Male,175.121.68.5
444,Aleksandr,Byres,abyrescb@acquirethisname.com,Male,154.203.87.20
445,Erda,Drinkel,edrinkelcc@sina.com.cn,Genderfluid,42.16.65.45
446,Freeland,Pyson,fpysoncd@blogtalkradio.com,Male,12.188.8.197
447,Cristabel,Johnson,cjohnsonce@mapquest.com,Female,48.184.129.3
448,Mei,Woollends,mwoollendscf@unblog.fr,Female,139.146.100.162
449,Cindelyn,Shadfourth,cshadfourthcg@diigo.com,Female,76.128.148.83
450,Sisely,Costall,scostallch@yolasite.com,Female,127.80.172.208
451,Sabina,Semarke,ssemarkeci@uiuc.edu,Female,21.251.245.61
452,Cloe,Lipgens,clipgenscj@unc.edu,Bigender,117.151.182.26
453,Alden,Rainer,arainerck@uiuc.edu,Male,142.13.253.191
454,Vasily,Goadbie,vgoadbiecl@sun.com,Male,25.201.185.187
455,Sharona,MacKartan,smackartancm@cnn.com,Genderfluid,15.194.177.66
456,Anna-diana,Augustus,aaugustuscn@canalblog.com,Female,248.141.135.105
457,Estrella,Clendennen,eclendennenco@amazon.de,Polygender,102.179.150.116
458,Iago,Alderson,ialdersoncp@blogs.com,Male,79.12.240.239
459,Ingar,Cardenosa,icardenosacq@businessinsider.com,Male,60.170.37.103
460,Maurita,Addeycott,maddeycottcr@hud.gov,Female,32.166.41.248
461,Nadiya,Downing,ndowningcs@biblegateway.com,Female,43.242.66.154
462,Martina,Keasey,mkeaseyct@furl.net,Female,216.87.19.249
463,Brand,Camellini,bcamellinicu@loc.gov,Male,43.12.216.102
464,Timothy,Sevin,tsevincv@tinyurl.com,Polygender,167.139.227.225
465,Rosemonde,Blagbrough,rblagbroughcw@1und1.de,Female,52.50.45.132
466,Desdemona,De Ambrosi,ddeambrosicx@github.com,Female,155.78.204.50
467,Evita,Ramel,eramelcy@samsung.com,Female,98.180.252.24
468,Lorrin,Carnow,lcarnowcz@theguardian.com,Female,18.237.216.235
469,Vincents,Beakes,vbeakesd0@geocities.jp,Male,243.18.196.90
470,Pietra,Leahy,pleahyd1@addthis.com,Female,158.76.149.202
471,Toddie,Slatter,tslatterd2@surveymonkey.com,Male,169.107.212.204
472,Lombard,Antliff,lantliffd3@twitpic.com,Male,113.216.179.183
473,Danya,Rickcord,drickcordd4@hatena.ne.jp,Female,250.226.33.208
474,Ty,Teulier,tteulierd5@flickr.com,Male,57.29.220.78
475,Antoni,Barten,abartend6@unc.edu,Male,107.91.14.55
476,Aldric,Simonetti,asimonettid7@symantec.com,Male,91.39.120.214
477,Kara,Goodley,kgoodleyd8@tumblr.com,Genderqueer,215.165.178.89
478,Jeff,Moss,jmossd9@wordpress.org,Male,19.216.117.246
479,Lemuel,Bickers,lbickersda@redcross.org,Male,254.16.242.50
480,Timmi,Merton,tmertondb@cpanel.net,Female,102.120.112.170
481,Karim,Race,kracedc@com.com,Non-binary,236.229.73.30
482,Hirsch,Sisse,hsissedd@bloglines.com,Male,205.120.250.39
483,Aldous,Regnard,aregnardde@dmoz.org,Male,31.168.52.233
484,Cosmo,Gissop,cgissopdf@so-net.ne.jp,Male,0.114.237.47
485,Jenica,Sherburn,jsherburndg@addthis.com,Female,3.86.65.3
486,Hasty,Balas,hbalasdh@ca.gov,Male,188.151.178.58
487,Ruby,Alban,ralbandi@springer.com,Female,213.156.70.0
488,Stanislaw,Hassur,shassurdj@timesonline.co.uk,Male,133.225.255.216
489,Ignatius,Gretton,igrettondk@va.gov,Male,51.217.131.40
490,Opalina,Beseke,obesekedl@hp.com,Female,59.204.23.234
491,Clare,Garaghan,cgaraghandm@rediff.com,Male,158.241.63.211
492,Emilia,Barrett,ebarrettdn@com.com,Female,71.66.216.84
493,Geoff,Arran,garrando@sitemeter.com,Male,99.25.216.136
494,Timmy,Ridsdell,tridsdelldp@tamu.edu,Male,58.247.132.251
495,Abey,Lundon,alundondq@multiply.com,Male,128.121.66.128
496,Elsinore,Mingay,emingaydr@sphinn.com,Genderfluid,122.188.206.156
497,Braden,Koba,bkobads@alexa.com,Male,184.34.190.207
498,Gorden,Pyle,gpyledt@feedburner.com,Male,100.27.200.233
499,Magnum,Mathers,mmathersdu@techcrunch.com,Male,214.121.200.251
500,Huey,Skelton,hskeltondv@hp.com,Male,25.29.150.220
501,Annmarie,Borman,abormandw@bravesites.com,Female,1.18.252.225
502,Nealson,Node,nnodedx@geocities.com,Male,101.88.181.253
503,Bernelle,Righy,brighydy@bbc.co.uk,Female,189.180.249.141
504,Dew,Rosenschein,drosenscheindz@ebay.com,Male,56.72.173.149
505,Cordelia,Elcombe,celcombee0@utexas.edu,Genderfluid,140.88.154.195
506,Julius,MacGuigan,jmacguigane1@nasa.gov,Male,58.90.75.218
507,Yancy,Rawson,yrawsone2@biglobe.ne.jp,Male,213.233.228.252
508,Clemente,Hoonahan,choonahane3@shutterfly.com,Male,151.146.9.130
509,Vikky,Gokes,vgokese4@washingtonpost.com,Female,168.213.81.148
510,Wendeline,Crossan,wcrossane5@house.gov,Female,89.222.21.143
511,Stanwood,Caurah,scaurahe6@bbb.org,Male,65.115.206.28
512,Biddie,Horley,bhorleye7@smh.com.au,Female,118.21.181.143
513,Laurence,Jeyes,ljeyese8@networksolutions.com,Male,167.80.82.96
514,Tarah,Crossfield,tcrossfielde9@indiegogo.com,Female,86.166.246.196
515,Issie,Bignold,ibignoldea@ihg.com,Female,248.193.140.0
516,Gradeigh,Dranfield,gdranfieldeb@soup.io,Male,224.2.199.32
517,Jaimie,Jacobsen,jjacobsenec@tinyurl.com,Female,176.2.146.179
518,Clarita,Jenkinson,cjenkinsoned@ihg.com,Female,167.181.245.221
519,Sibylla,Nazer,snazeree@unc.edu,Female,188.86.155.136
520,Hobard,Happert,hhappertef@skype.com,Male,176.207.144.150
521,Hettie,Braunton,hbrauntoneg@cpanel.net,Polygender,233.179.173.177
522,Venus,Mayberry,vmayberryeh@tumblr.com,Non-binary,189.68.10.24
523,Lisabeth,Jedrzejewski,ljedrzejewskiei@mit.edu,Female,161.57.38.85
524,Theobald,Stockall,tstockallej@amazonaws.com,Male,51.143.121.16
525,Mechelle,Bugdall,mbugdallek@webnode.com,Female,31.38.251.100
526,Sander,Dowtry,sdowtryel@g.co,Male,174.222.107.0
527,Leopold,McEntee,lmcenteeem@blog.com,Male,94.22.245.249
528,Justinian,Cardnell,jcardnellen@nytimes.com,Male,29.116.26.1
529,Marie-jeanne,Focke,mfockeeo@chron.com,Female,181.117.219.61
530,Townsend,McKea,tmckeaep@jugem.jp,Male,229.63.205.41
531,Bellanca,Mullins,bmullinseq@clickbank.net,Bigender,150.143.63.158
532,Idalina,Mccaull,imccauller@apache.org,Female,157.12.252.37
533,Murry,Seely,mseelyes@imgur.com,Male,117.112.85.95
534,Judd,Abbott,jabbottet@wired.com,Male,92.175.154.222
535,Bald,Penburton,bpenburtoneu@bravesites.com,Male,167.237.151.207
536,Elliott,Grenville,egrenvilleev@ed.gov,Male,117.98.64.124
537,Linc,Gaitskell,lgaitskellew@who.int,Male,147.131.69.84
538,Flem,Roots,frootsex@boston.com,Genderfluid,154.167.127.22
539,Darcie,Danilowicz,ddanilowiczey@so-net.ne.jp,Female,121.48.253.184
540,Enrica,Amy,eamyez@state.gov,Female,120.78.32.236
541,Mickie,Slade,msladef0@archive.org,Male,140.95.65.100
542,Fields,Scoggans,fscoggansf1@soundcloud.com,Male,191.207.203.161
543,Ramon,McElory,rmceloryf2@ehow.com,Male,167.162.167.66
544,Nollie,Wrefford,nwreffordf3@scribd.com,Female,217.134.185.182
545,Wolfy,Coldham,wcoldhamf4@blogs.com,Male,162.42.35.220
546,Edita,Simonot,esimonotf5@mediafire.com,Female,62.110.164.254
547,Eduardo,Pletts,eplettsf6@craigslist.org,Male,144.139.48.63
548,Brucie,Tilbury,btilburyf7@google.ru,Male,223.228.76.109
549,Annmaria,Ewbanche,aewbanchef8@google.com.hk,Female,36.56.123.0
550,Ciel,Belham,cbelhamf9@theglobeandmail.com,Genderfluid,224.10.81.215
551,Tully,Pinckstone,tpinckstonefa@bbc.co.uk,Male,18.188.156.222
552,Merill,Blachford,mblachfordfb@skyrock.com,Male,185.71.231.72
553,Skyler,Naish,snaishfc@arstechnica.com,Male,41.107.207.254
554,Reube,Dunge,rdungefd@twitpic.com,Male,151.59.208.26
555,Alano,Coll,acollfe@google.de,Male,159.52.45.100
556,Olag,Bemwell,obemwellff@wiley.com,Male,182.17.74.100
557,Karlotte,Thatcham,kthatchamfg@pen.io,Female,95.215.233.206
558,Melantha,Hawken,mhawkenfh@godaddy.com,Female,53.172.84.180
559,Carina,Statham,cstathamfi@time.com,Female,2.27.121.41
560,Dagny,Fletham,dflethamfj@cdc.gov,Male,227.175.49.122
561,Tulley,Pughe,tpughefk@shutterfly.com,Male,100.219.73.165
562,Gherardo,Mumberson,gmumbersonfl@multiply.com,Male,19.31.39.54
563,Enos,Demann,edemannfm@imgur.com,Male,199.223.83.224
564,Dorrie,Brome,dbromefn@oracle.com,Female,238.214.41.122
565,Alfie,Archbell,aarchbellfo@tiny.cc,Female,165.11.182.186
566,Joanne,Gasquoine,jgasquoinefp@hud.gov,Female,88.13.19.42
567,Husain,Roblou,hrobloufq@friendfeed.com,Genderqueer,44.142.177.31
568,Abel,Hellewell,ahellewellfr@canalblog.com,Male,132.143.203.210
569,Caprice,Tavinor,ctavinorfs@mtv.com,Genderqueer,44.104.107.110
570,Wit,Towner,wtownerft@virginia.edu,Male,13.253.75.104
571,Durant,Gargett,dgargettfu@merriam-webster.com,Male,6.241.195.219
572,Norean,Hinckley,nhinckleyfv@seattletimes.com,Female,90.111.106.190
573,Ninnetta,McCaighey,nmccaigheyfw@walmart.com,Female,70.227.243.230
574,Finlay,Huckel,fhuckelfx@latimes.com,Male,18.170.227.193
575,Si,Furmage,sfurmagefy@nsw.gov.au,Male,4.121.75.247
576,Layla,Avramov,lavramovfz@meetup.com,Genderfluid,253.93.127.42
577,Waiter,Spira,wspirag0@alibaba.com,Male,14.232.78.80
578,Herman,Lisimore,hlisimoreg1@eventbrite.com,Male,97.195.77.49
579,Vail,Goldsby,vgoldsbyg2@ovh.net,Genderfluid,248.254.93.218
580,Guenevere,Sennett,gsennettg3@baidu.com,Female,153.33.55.28
581,Padgett,Heinsius,pheinsiusg4@shutterfly.com,Male,253.166.147.220
582,Valentine,Witherden,vwitherdeng5@squarespace.com,Male,62.110.221.45
583,Amalle,Petruska,apetruskag6@cpanel.net,Female,117.127.104.35
584,Frants,Hemerijk,fhemerijkg7@slashdot.org,Male,172.215.74.129
585,Esra,Giacobelli,egiacobellig8@reddit.com,Male,103.58.66.176
586,Angie,Fishly,afishlyg9@cisco.com,Male,32.248.109.206
587,Giusto,McGrorty,gmcgrortyga@usnews.com,Male,201.184.188.84
588,Elbertine,Chateau,echateaugb@un.org,Female,137.186.52.20
589,Rowan,Cherrie,rcherriegc@opera.com,Male,237.84.172.0
590,Marcela,Oldford,moldfordgd@imgur.com,Agender,235.103.56.230
591,Isiahi,Rebeiro,irebeiroge@europa.eu,Male,110.36.3.130
592,Ravi,Hawkin,rhawkingf@springer.com,Male,47.247.61.96
593,Katusha,Gurry,kgurrygg@lulu.com,Female,50.60.101.109
594,Thorny,Lebond,tlebondgh@home.pl,Male,9.24.66.91
595,Kirbee,Riach,kriachgi@multiply.com,Female,105.26.75.74
596,Washington,Habens,whabensgj@4shared.com,Male,167.59.15.72
597,Ikey,Issac,iissacgk@cargocollective.com,Male,248.226.86.248
598,Gabriell,Aistrop,gaistropgl@surveymonkey.com,Female,152.147.39.14
599,Rowe,Wyne,rwynegm@comcast.net,Female,56.59.161.166
600,Dennie,Coulthard,dcoulthardgn@posterous.com,Female,180.192.164.101
601,Heddie,McTiernan,hmctiernango@wordpress.org,Polygender,185.222.250.253
602,Jayson,Lilburn,jlilburngp@walmart.com,Male,107.243.182.41
603,Corey,Aleksankin,caleksankingq@whitehouse.gov,Female,159.52.190.84
604,Inigo,Itzkowicz,iitzkowiczgr@va.gov,Male,98.94.249.195
605,Trenna,Filintsev,tfilintsevgs@vinaora.com,Female,67.213.184.144
606,Osgood,Ruter,orutergt@salon.com,Male,171.125.72.113
607,Douglass,Burdess,dburdessgu@bbc.co.uk,Male,49.8.150.89
608,Hermie,Ridolfo,hridolfogv@yahoo.co.jp,Male,46.236.188.229
609,Ruthi,Boissier,rboissiergw@ucla.edu,Female,137.27.48.227
610,Alexandre,Westnedge,awestnedgegx@seesaa.net,Male,234.108.11.141
611,Drucill,Bohlje,dbohljegy@uol.com.br,Female,150.68.7.200
612,Millisent,Tomaskunas,mtomaskunasgz@wordpress.org,Female,228.232.198.10
613,Farica,Summerhayes,fsummerhayesh0@amazon.com,Female,236.75.163.147
614,Bette-ann,Seefus,bseefush1@cyberchimps.com,Female,125.14.242.159
615,Theda,Whittlesee,twhittleseeh2@zimbio.com,Female,92.73.182.173
616,Sidnee,McPhate,smcphateh3@domainmarket.com,Male,135.218.78.182
617,Roxanne,Boyer,rboyerh4@hatena.ne.jp,Female,50.148.93.152
618,Lee,Abbate,labbateh5@sourceforge.net,Male,167.175.218.128
619,Innis,Perse,iperseh6@state.gov,Bigender,20.246.202.73
620,Wood,Ollin,wollinh7@vinaora.com,Male,246.2.91.44
621,Mabelle,Menzies,mmenziesh8@lulu.com,Female,239.46.14.80
622,Marsha,Keniwell,mkeniwellh9@google.it,Female,99.9.45.201
623,Patrizia,O'Heagertie,poheagertieha@blogspot.com,Female,226.128.217.155
624,Cyndie,Battista,cbattistahb@google.com.br,Female,91.135.37.170
625,Matthias,Skypp,mskypphc@intel.com,Male,202.56.252.248
626,Maybelle,Pursglove,mpursglovehd@dmoz.org,Female,90.252.238.188
627,Faber,Dorrell,fdorrellhe@dyndns.org,Male,37.155.199.251
628,Genna,Khan,gkhanhf@canalblog.com,Female,209.67.167.117
629,Julius,Searjeant,jsearjeanthg@goodreads.com,Male,122.57.245.233
630,Dennie,D'Abbot-Doyle,ddabbotdoylehh@noaa.gov,Male,41.227.47.239
631,Amble,Scouller,ascoullerhi@princeton.edu,Male,25.92.119.100
632,Trever,Eckersley,teckersleyhj@phoca.cz,Male,202.147.98.240
633,Clarey,Pickthorn,cpickthornhk@biglobe.ne.jp,Female,19.40.44.125
634,Trixie,Sarchwell,tsarchwellhl@123-reg.co.uk,Female,202.225.172.218
635,Otto,Pietrzyk,opietrzykhm@i2i.jp,Male,12.101.217.206
636,Carlota,Holgan,cholganhn@taobao.com,Female,209.0.247.206
637,Matthaeus,Tunnock,mtunnockho@usnews.com,Male,163.202.161.67
638,Ursula,Ritter,uritterhp@seattletimes.com,Female,174.245.181.89
639,Meris,Dreger,mdregerhq@imdb.com,Female,27.73.243.77
640,Jessa,Guard,jguardhr@google.ru,Bigender,87.119.74.159
641,Violetta,Taborre,vtaborrehs@dailymotion.com,Female,173.136.145.62
642,Marcella,Crocombe,mcrocombeht@etsy.com,Female,152.52.2.231
643,Binky,Hulcoop,bhulcoophu@multiply.com,Male,138.8.41.212
644,Fabiano,Gerrietz,fgerrietzhv@marketwatch.com,Male,39.174.180.146
645,Winnifred,Andrich,wandrichhw@gmpg.org,Female,37.248.104.225
646,Kermy,Piken,kpikenhx@soup.io,Male,135.186.107.166
647,Stephanie,O'Noulane,sonoulanehy@intel.com,Female,193.48.109.58
648,Mable,Le Friec,mlefriechz@jimdo.com,Female,129.48.238.130
649,Jamal,Pinfold,jpinfoldi0@soundcloud.com,Male,149.161.17.70
650,Kirsten,Scraney,kscraneyi1@mysql.com,Female,144.232.233.127
651,Reginauld,Fishwick,rfishwicki2@theglobeandmail.com,Male,146.0.108.236
652,Sarine,Kinforth,skinforthi3@ed.gov,Female,7.34.81.192
653,Trixie,Rumbold,trumboldi4@tamu.edu,Female,18.77.158.52
654,Ralf,Woodyeare,rwoodyearei5@harvard.edu,Male,56.47.73.107
655,Shepherd,Gilbeart,sgilbearti6@wikia.com,Male,145.226.209.142
656,Mireielle,Kedge,mkedgei7@lycos.com,Female,189.224.101.167
657,Elizabet,Meachem,emeachemi8@patch.com,Female,55.64.154.194
658,Jodee,L'Hommee,jlhommeei9@1688.com,Female,203.197.214.90
659,Jilleen,Jendrassik,jjendrassikia@studiopress.com,Female,45.101.85.94
660,Leontyne,Alwell,lalwellib@de.vu,Female,148.175.27.161
661,Randie,Burfoot,rburfootic@independent.co.uk,Female,253.214.18.169
662,Dido,Baldinotti,dbaldinottiid@seattletimes.com,Genderqueer,235.227.159.107
663,Fernande,Hullett,fhullettie@timesonline.co.uk,Polygender,107.215.53.107
664,Anatole,Ricart,aricartif@soup.io,Male,245.221.76.120
665,Shana,Mollon,smollonig@kickstarter.com,Female,95.217.132.172
666,Langston,Nelthropp,lnelthroppih@t.co,Male,158.44.140.2
667,Conrade,Pykett,cpykettii@washington.edu,Male,28.147.64.114
668,Jolene,Keeri,jkeeriij@hubpages.com,Female,24.74.28.109
669,Faina,Paiton,fpaitonik@ucsd.edu,Female,4.59.103.33
670,Steffen,Royce,sroyceil@flavors.me,Male,120.163.2.179
671,Julietta,Weal,jwealim@hc360.com,Female,98.21.199.209
672,Karyl,Ferry,kferryin@homestead.com,Female,106.38.93.232
673,Agretha,Pascoe,apascoeio@paypal.com,Female,9.114.1.229
674,Ronni,Tune,rtuneip@delicious.com,Female,38.99.65.210
675,Isa,McLennan,imclennaniq@chron.com,Non-binary,58.244.98.82
676,Faustina,Shillum,fshillumir@japanpost.jp,Female,152.31.70.220
677,Abbie,Duckit,aduckitis@walmart.com,Male,132.114.127.147
678,Jocko,Heugh,jheughit@ebay.co.uk,Male,26.81.178.122
679,Waylan,Longforth,wlongforthiu@msn.com,Male,69.37.254.72
680,Adolph,Seaborn,aseaborniv@reddit.com,Male,132.44.21.251
681,Flin,Divis,fdivisiw@last.fm,Male,95.90.7.59
682,Brand,Silvermann,bsilvermannix@amazon.de,Male,182.51.143.238
683,Harrie,Hurdle,hhurdleiy@people.com.cn,Female,141.106.55.70
684,Egbert,Yosevitz,eyosevitziz@jiathis.com,Male,5.229.97.202
685,Mollee,Brunskill,mbrunskillj0@yahoo.com,Female,16.176.111.123
686,Judah,Farrow,jfarrowj1@ustream.tv,Male,176.83.29.241
687,Clim,Doughtery,cdoughteryj2@latimes.com,Male,148.240.48.77
688,Eugenio,Lowdyane,elowdyanej3@dot.gov,Genderfluid,172.204.96.144
689,Torey,O'Gaven,togavenj4@squidoo.com,Male,13.91.3.255
690,Esme,Westhoff,ewesthoffj5@google.com.br,Female,132.20.28.30
691,Lynea,Matas,lmatasj6@aol.com,Female,100.6.39.38
692,Janine,Andrejs,jandrejsj7@elpais.com,Female,195.116.167.182
693,Everard,Deyes,edeyesj8@walmart.com,Male,183.167.91.152
694,Peter,Cockman,pcockmanj9@fema.gov,Male,55.153.212.203
695,Alberik,Banford,abanfordja@apple.com,Male,156.110.152.215
696,Chuck,MacGilrewy,cmacgilrewyjb@deviantart.com,Male,249.243.252.115
697,Ethelda,Robbs,erobbsjc@prweb.com,Genderfluid,134.238.117.171
698,Avram,Terlinden,aterlindenjd@wisc.edu,Non-binary,1.28.241.47
699,Halsy,Andryunin,handryuninje@amazonaws.com,Male,173.30.251.194
700,Guglielmo,Beckley,gbeckleyjf@themeforest.net,Male,147.96.211.104
701,Guido,MacKessock,gmackessockjg@mtv.com,Male,202.182.53.169
702,Marj,Close,mclosejh@gizmodo.com,Female,120.125.196.233
703,Yettie,Beardshall,ybeardshallji@woothemes.com,Female,175.66.194.114
704,Geoffry,Shrawley,gshrawleyjj@hao123.com,Male,119.69.118.81
705,Georgetta,Sinson,gsinsonjk@cocolog-nifty.com,Female,111.168.48.193
706,Tiphany,Aldington,taldingtonjl@squidoo.com,Female,152.206.212.198
707,Ronny,Brownsall,rbrownsalljm@theguardian.com,Male,50.121.172.18
708,Thatch,Dudny,tdudnyjn@imdb.com,Male,251.86.188.76
709,Dalis,Larimer,dlarimerjo@amazon.co.jp,Male,196.151.112.163
710,Lethia,Donohoe,ldonohoejp@nbcnews.com,Female,18.120.197.114
711,Thom,Birkmyre,tbirkmyrejq@google.co.jp,Male,140.49.121.39
712,Clevey,Janodet,cjanodetjr@wordpress.com,Male,227.52.38.162
713,Lars,Coade,lcoadejs@cafepress.com,Genderqueer,67.178.223.38
714,Maynord,Goodinson,mgoodinsonjt@blogger.com,Male,39.205.88.223
715,Katrine,Roantree,kroantreeju@taobao.com,Female,153.35.229.94
716,Pernell,Biagi,pbiagijv@google.com.hk,Male,234.183.114.210
717,Vanna,Culleford,vcullefordjw@mayoclinic.com,Female,100.191.82.20
718,Cristabel,Moisey,cmoiseyjx@engadget.com,Female,70.79.36.0
719,Kelly,Jochen,kjochenjy@csmonitor.com,Male,249.187.247.72
720,Bunny,Linkin,blinkinjz@sina.com.cn,Female,202.223.91.142
721,Loise,MacDwyer,lmacdwyerk0@wufoo.com,Agender,132.11.239.145
722,Anissa,Wheelwright,awheelwrightk1@hugedomains.com,Female,58.95.93.32
723,Serena,Bostock,sbostockk2@51.la,Female,221.52.179.28
724,Rowney,Gandrich,rgandrichk3@japanpost.jp,Male,152.122.59.121
725,Janet,Elesander,jelesanderk4@narod.ru,Female,147.199.85.218
726,Abrahan,Gaydon,agaydonk5@reverbnation.com,Male,115.246.20.69
727,Windham,Lydiard,wlydiardk6@biglobe.ne.jp,Male,158.126.157.78
728,Angelica,Luetchford,aluetchfordk7@hibu.com,Female,176.166.2.204
729,Suzette,Langelaan,slangelaank8@google.nl,Female,139.141.195.70
730,Veradis,Bownde,vbowndek9@redcross.org,Female,182.14.192.188
731,Richard,Malthus,rmalthuska@youku.com,Male,85.248.134.11
732,Angela,Hearon,ahearonkb@ebay.com,Non-binary,168.33.83.58
733,Marcellina,Veelers,mveelerskc@buzzfeed.com,Female,168.36.26.46
734,Leslie,Lambricht,llambrichtkd@disqus.com,Female,135.252.95.154
735,Gill,Bram,gbramke@biblegateway.com,Female,8.16.163.40
736,Edithe,Todarello,etodarellokf@fc2.com,Female,33.201.67.199
737,Craggie,Malenfant,cmalenfantkg@myspace.com,Male,17.13.145.241
738,Denney,Oakey,doakeykh@unblog.fr,Male,63.222.173.240
739,Calv,Carlton,ccarltonki@miitbeian.gov.cn,Male,32.222.162.191
740,Carmine,Rallings,crallingskj@wired.com,Male,202.178.4.119
741,Curran,Devote,cdevotekk@wsj.com,Male,235.153.230.9
742,Basil,Zoren,bzorenkl@multiply.com,Male,157.249.14.216
743,Cello,Redmore,credmorekm@artisteer.com,Male,255.84.138.161
744,Veriee,Megarrell,vmegarrellkn@parallels.com,Polygender,194.12.121.193
745,Rudy,Wellum,rwellumko@ftc.gov,Male,34.68.150.150
746,Umeko,Twort,utwortkp@tumblr.com,Agender,214.138.129.80
747,Olivier,Lanfer,olanferkq@gravatar.com,Male,250.224.75.9
748,Daven,Hurren,dhurrenkr@sakura.ne.jp,Polygender,153.186.23.17
749,Marabel,Glossop,mglossopks@reference.com,Female,3.139.28.128
750,Maisey,Padbury,mpadburykt@ask.com,Female,158.9.249.207
751,Isabel,Twort,itwortku@google.de,Female,108.39.104.251
752,Evered,Lambdin,elambdinkv@sphinn.com,Male,32.241.122.248
753,Annetta,Wadhams,awadhamskw@bloglovin.com,Female,164.14.74.7
754,Friederike,McRobert,fmcrobertkx@prlog.org,Female,177.180.198.180
755,Flinn,Chad,fchadky@hostgator.com,Male,123.81.73.235
756,Raf,Pedreschi,rpedreschikz@cnet.com,Female,159.97.172.33
757,Valene,Marriage,vmarriagel0@biblegateway.com,Female,20.237.20.66
758,Riki,Mudge,rmudgel1@myspace.com,Female,58.215.253.35
759,Aksel,Gerling,agerlingl2@smugmug.com,Male,161.8.93.36
760,Dillon,Treske,dtreskel3@vimeo.com,Male,202.136.58.219
761,Mavra,Milroy,mmilroyl4@mtv.com,Female,52.134.26.3
762,Randell,Lemanu,rlemanul5@yale.edu,Male,203.9.131.84
763,Lonnie,Swiggs,lswiggsl6@imgur.com,Male,108.168.68.54
764,Etta,Sandbrook,esandbrookl7@jimdo.com,Female,50.151.156.121
765,Haven,Tomaszczyk,htomaszczykl8@businessweek.com,Male,113.63.249.119
766,Lida,Ech,lechl9@fda.gov,Female,44.64.174.205
767,Bradly,Boston,bbostonla@yolasite.com,Male,235.44.183.59
768,Gabriella,Bogays,gbogayslb@independent.co.uk,Female,76.143.207.181
769,Freemon,Elmar,felmarlc@bravesites.com,Male,193.0.137.142
770,Rodolphe,Ort,rortld@netlog.com,Male,133.138.49.228
771,Rosco,Shipperbottom,rshipperbottomle@google.pl,Male,18.118.50.191
772,Theresa,Meneux,tmeneuxlf@theatlantic.com,Female,6.20.107.33
773,Gherardo,Barff,gbarfflg@timesonline.co.uk,Bigender,72.160.1.88
774,Birk,Marsay,bmarsaylh@unesco.org,Agender,240.24.210.80
775,Donnamarie,Gianinotti,dgianinottili@g.co,Polygender,38.152.46.26
776,Hercule,Mordey,hmordeylj@alibaba.com,Male,186.11.26.8
777,Hew,Grigg,hgrigglk@newsvine.com,Male,65.94.27.217
778,Gerome,Heigho,gheigholl@amazon.de,Male,152.245.209.123
779,Avril,Goggan,agogganlm@fda.gov,Female,128.168.216.38
780,Fernande,Braun,fbraunln@berkeley.edu,Female,135.131.48.169
781,Gray,Swinfen,gswinfenlo@mtv.com,Female,174.31.19.93
782,Clio,O'Dougherty,codoughertylp@wordpress.org,Female,25.73.137.57
783,Fergus,Major,fmajorlq@tinypic.com,Male,82.214.176.35
784,Holly,Josipovitz,hjosipovitzlr@nbcnews.com,Male,79.62.175.93
785,Gaultiero,Frankton,gfranktonls@google.com.br,Male,231.191.68.23
786,Krisha,Duxbarry,kduxbarrylt@dell.com,Male,31.119.74.207
787,Bartolemo,Arnaut,barnautlu@elegantthemes.com,Male,4.198.186.83
788,Kasper,Folan,kfolanlv@google.co.uk,Male,105.49.234.30
789,Lira,Beecroft,lbeecroftlw@geocities.com,Female,197.113.230.105
790,Culver,Harrison,charrisonlx@cdbaby.com,Male,130.215.168.54
791,Yettie,Forkan,yforkanly@so-net.ne.jp,Female,27.96.69.55
792,Hyacinthia,Dignon,hdignonlz@mayoclinic.com,Female,208.250.163.252
793,Cathy,O'Dowgaine,codowgainem0@hibu.com,Female,78.228.216.106
794,Louisa,Nockles,lnocklesm1@pinterest.com,Female,88.176.194.155
795,Laina,Pennini,lpenninim2@networkadvertising.org,Female,136.176.140.208
796,Erl,Du Fray,edufraym3@boston.com,Male,82.126.153.110
797,Mace,Probbings,mprobbingsm4@macromedia.com,Male,210.86.84.137
798,Domenico,Shoute,dshoutem5@auda.org.au,Male,125.240.194.65
799,Ebba,McIllroy,emcillroym6@wordpress.org,Female,99.89.228.113
800,Hazlett,Kytter,hkytterm7@un.org,Male,150.25.32.128
801,Nadya,Dunderdale,ndunderdalem8@nps.gov,Female,156.93.176.133
802,Victoria,Seignior,vseigniorm9@themeforest.net,Female,246.222.243.129
803,Helli,Paunton,hpauntonma@cisco.com,Female,12.136.104.244
804,Melvin,Breckon,mbreckonmb@wordpress.com,Male,30.164.49.50
805,Lorianna,Hector,lhectormc@sbwire.com,Female,141.77.83.225
806,Titos,MacGruer,tmacgruermd@odnoklassniki.ru,Male,167.206.235.52
807,Ashlin,Kirdsch,akirdschme@mac.com,Male,204.159.100.207
808,Ragnar,Ornillos,rornillosmf@histats.com,Male,194.169.180.117
809,Kienan,Clerk,kclerkmg@reddit.com,Male,15.135.73.87
810,Morty,Vanin,mvaninmh@engadget.com,Male,55.138.223.226
811,Daniela,Camillo,dcamillomi@columbia.edu,Female,72.235.181.67
812,Dmitri,Farmloe,dfarmloemj@addtoany.com,Male,127.189.81.138
813,Sherwynd,Pargeter,spargetermk@rambler.ru,Male,188.223.192.227
814,Cassandry,Dyzart,cdyzartml@photobucket.com,Polygender,229.73.182.71
815,Cass,De Gregorio,cdegregoriomm@ehow.com,Female,3.155.34.86
816,Flinn,Giffaut,fgiffautmn@multiply.com,Male,16.175.81.72
817,Natty,Barlas,nbarlasmo@ocn.ne.jp,Male,87.51.227.183
818,Jena,Wisham,jwishammp@forbes.com,Female,156.154.160.67
819,Donia,Bawcock,dbawcockmq@google.com.hk,Female,215.170.30.217
820,Felicle,Eate,featemr@bbc.co.uk,Female,202.135.187.225
821,Magnum,Daniels,mdanielsms@prweb.com,Non-binary,27.152.64.237
822,Derek,Berka,dberkamt@gizmodo.com,Male,208.43.186.112
823,Herculie,Lassetter,hlassettermu@com.com,Male,35.131.85.176
824,Tiphani,Goodhay,tgoodhaymv@utexas.edu,Female,205.15.55.38
825,Dorthy,Nye,dnyemw@prnewswire.com,Female,133.184.142.191
826,Analise,Snassell,asnassellmx@skyrock.com,Female,210.194.179.98
827,Trescha,Heinecke,theineckemy@1688.com,Bigender,250.232.22.213
828,Quintus,Levesque,qlevesquemz@canalblog.com,Male,51.51.45.183
829,Mathe,Whilde,mwhilden0@lycos.com,Male,26.215.221.43
830,Vida,Baseley,vbaseleyn1@example.com,Female,221.217.76.73
831,Travers,Lorens,tlorensn2@sohu.com,Male,92.139.38.199
832,Fabio,Lechelle,flechellen3@cloudflare.com,Male,85.83.169.166
833,Lynn,Hanshaw,lhanshawn4@posterous.com,Polygender,66.237.145.105
834,Tawsha,Raubheim,traubheimn5@vimeo.com,Female,212.124.177.142
835,North,Rubenov,nrubenovn6@vk.com,Male,76.204.39.254
836,Cristiano,McDermot,cmcdermotn7@ehow.com,Male,94.128.18.35
837,Wendall,Bartleet,wbartleetn8@craigslist.org,Male,232.129.62.253
838,Zara,Grabbam,zgrabbamn9@technorati.com,Female,190.133.175.50
839,Alverta,Knocker,aknockerna@xrea.com,Female,111.188.149.210
840,Wallache,Domleo,wdomleonb@biglobe.ne.jp,Male,201.117.128.179
841,Taffy,Vero,tveronc@nifty.com,Female,74.247.20.56
842,Godart,Whorlton,gwhorltonnd@symantec.com,Male,29.10.186.156
843,Vale,Faley,vfaleyne@behance.net,Female,11.139.51.118
844,Rick,Shakelady,rshakeladynf@wisc.edu,Male,79.80.4.85
845,Sylvan,Wort,swortng@blogs.com,Male,96.194.186.253
846,Hali,Baitson,hbaitsonnh@globo.com,Female,67.87.104.3
847,Cyrillus,Coode,ccoodeni@unesco.org,Male,60.240.73.212
848,Olympie,Djokovic,odjokovicnj@irs.gov,Female,179.32.162.14
849,Fredi,Englefield,fenglefieldnk@sphinn.com,Female,135.74.192.190
850,Elston,Lace,elacenl@blogspot.com,Male,52.143.184.214
851,Holden,Dmisek,hdmiseknm@google.pl,Male,73.189.42.89
852,Noby,Casterton,ncastertonnn@sourceforge.net,Male,21.123.92.57
853,Rhea,Bowsher,rbowsherno@opensource.org,Female,219.5.10.77
854,Aubry,Prescote,aprescotenp@qq.com,Female,248.93.8.238
855,Faulkner,Mellenby,fmellenbynq@tinyurl.com,Male,126.192.169.22
856,Blair,Pigott,bpigottnr@feedburner.com,Male,26.162.175.60
857,Trey,O'Dyvoie,todyvoiens@reuters.com,Male,212.232.164.147
858,Clair,Garrould,cgarrouldnt@ucsd.edu,Female,27.171.136.140
859,Trueman,Hawken,thawkennu@mozilla.org,Male,91.131.238.105
860,Saunders,Paddell,spaddellnv@slideshare.net,Male,155.173.240.168
861,Arabelle,Trotter,atrotternw@ebay.co.uk,Female,41.12.18.55
862,Farlay,Mora,fmoranx@scientificamerican.com,Male,152.47.23.229
863,Cathi,Matschek,cmatschekny@npr.org,Female,64.75.226.141
864,Neysa,Notti,nnottinz@addthis.com,Female,120.69.42.26
865,Ingelbert,Zorn,izorno0@admin.ch,Male,140.145.35.158
866,Magnum,Barkway,mbarkwayo1@state.gov,Male,139.182.186.253
867,Marten,Dymock,mdymocko2@imdb.com,Male,36.110.46.246
868,Aretha,Jachimiak,ajachimiako3@indiegogo.com,Female,170.249.145.199
869,Bryanty,Dykes,bdykeso4@cnet.com,Male,142.225.23.126
870,Brennan,Maskrey,bmaskreyo5@google.it,Male,0.128.15.86
871,Emmie,Currin,ecurrino6@discovery.com,Female,177.72.215.144
872,Jemimah,McConnulty,jmcconnultyo7@goodreads.com,Female,129.116.40.40
873,Gwyn,Karet,gkareto8@irs.gov,Female,35.238.207.185
874,Sauveur,Grigaut,sgrigauto9@livejournal.com,Male,223.129.212.59
875,Nicky,Ruprechter,nruprechteroa@ca.gov,Genderqueer,154.143.235.129
876,Gris,Burgise,gburgiseob@sfgate.com,Male,210.9.122.17
877,Cole,Ambler,cambleroc@europa.eu,Male,19.154.112.207
878,Tome,Ower,towerod@hibu.com,Male,246.100.237.121
879,Clement,Murch,cmurchoe@usa.gov,Male,107.251.248.162
880,Allen,Laidler,alaidlerof@alibaba.com,Male,254.153.86.14
881,Babb,Rutt,bruttog@cornell.edu,Female,164.245.230.217
882,Erl,Kyberd,ekyberdoh@house.gov,Male,145.237.68.49
883,Blair,Saterweyte,bsaterweyteoi@cloudflare.com,Male,218.34.96.128
884,Gaby,MacHarg,gmachargoj@hao123.com,Female,69.247.69.91
885,Kate,Vicent,kvicentok@cpanel.net,Female,128.148.168.221
886,Joell,Mangon,jmangonol@reverbnation.com,Female,251.69.47.64
887,Drusi,Dealy,ddealyom@woothemes.com,Female,112.239.10.151
888,Tressa,Venard,tvenardon@lycos.com,Female,9.79.34.112
889,Constantine,Orteu,corteuoo@cbc.ca,Female,176.15.27.15
890,Sheridan,Mettericke,smetterickeop@feedburner.com,Genderqueer,46.244.207.70
891,Ron,Huzzay,rhuzzayoq@topsy.com,Male,20.175.30.105
892,Wynnie,Byram,wbyramor@digg.com,Female,175.153.214.139
893,Bealle,Mosey,bmoseyos@hud.gov,Male,193.43.164.32
894,Burlie,Haccleton,bhaccletonot@ucla.edu,Male,116.101.109.226
895,Phylis,Ratie,pratieou@delicious.com,Female,74.252.214.254
896,Dulcie,Trusler,dtruslerov@discovery.com,Female,96.108.166.41
897,Jesselyn,Elizabeth,jelizabethow@miibeian.gov.cn,Female,18.156.99.206
898,Morgen,Dillintone,mdillintoneox@about.me,Male,56.89.201.201
899,Dennison,Astridge,dastridgeoy@nsw.gov.au,Male,207.175.179.85
900,Lindon,Laurenceau,llaurenceauoz@hc360.com,Male,131.82.11.202
901,Gunar,Salatino,gsalatinop0@wired.com,Male,3.70.27.252
902,Harriet,Mascall,hmascallp1@cafepress.com,Agender,252.102.194.225
903,Sibley,Slaney,sslaneyp2@naver.com,Female,160.49.219.140
904,Warner,Grunnill,wgrunnillp3@simplemachines.org,Male,24.122.128.75
905,Gibby,Luddy,gluddyp4@imgur.com,Male,182.57.249.134
906,Torey,Tilston,ttilstonp5@about.com,Male,220.134.63.181
907,Rafferty,Cutress,rcutressp6@omniture.com,Male,137.232.135.96
908,Carlyn,Gulk,cgulkp7@fotki.com,Female,8.32.153.136
909,Eliot,Densham,edenshamp8@unesco.org,Male,79.248.101.15
910,Leonie,Cohan,lcohanp9@cmu.edu,Female,100.202.103.32
911,Mikey,Whetton,mwhettonpa@theatlantic.com,Male,222.138.2.59
912,Frederich,Pieter,fpieterpb@thetimes.co.uk,Genderqueer,52.75.123.26
913,Liza,Podmore,lpodmorepc@vkontakte.ru,Female,35.143.16.202
914,Neils,Rimour,nrimourpd@com.com,Male,101.172.109.210
915,Ramsey,Magne,rmagnepe@miibeian.gov.cn,Genderqueer,9.67.89.233
916,Andreana,Woodburn,awoodburnpf@wix.com,Non-binary,93.41.157.97
917,Mary,Dell 'Orto,mdellortopg@alexa.com,Female,120.133.110.90
918,Martainn,Wagge,mwaggeph@typepad.com,Male,172.249.65.254
919,Karola,Ekell,kekellpi@diigo.com,Female,83.182.134.146
920,Nealon,Boscher,nboscherpj@google.co.jp,Male,17.119.228.104
921,Gilly,Rozsa,grozsapk@parallels.com,Female,82.39.198.191
922,Augusto,Barthel,abarthelpl@elegantthemes.com,Male,9.171.25.190
923,Guilbert,Monard,gmonardpm@google.fr,Male,207.20.109.28
924,Abra,Moffet,amoffetpn@google.es,Female,14.63.109.240
925,Rhea,Pennigar,rpennigarpo@ustream.tv,Non-binary,223.255.90.138
926,Theresa,Devany,tdevanypp@netvibes.com,Female,190.41.198.243
927,Lorraine,Govier,lgovierpq@quantcast.com,Female,114.32.18.2
928,Erminie,Fennelly,efennellypr@netlog.com,Bigender,28.107.147.255
929,Ema,Tomkins,etomkinsps@engadget.com,Female,130.43.3.186
930,Elita,Shanahan,eshanahanpt@spiegel.de,Female,26.143.238.97
931,Joelle,Pidgley,jpidgleypu@hugedomains.com,Female,81.62.53.139
932,Katy,Wisker,kwiskerpv@cornell.edu,Female,49.252.174.79
933,Ferdinand,Dacey,fdaceypw@google.de,Male,95.33.130.95
934,Weider,Le Grice,wlegricepx@vimeo.com,Male,254.41.121.249
935,Bibby,Houseley,bhouseleypy@goo.gl,Female,232.247.253.24
936,Markus,Clubley,mclubleypz@epa.gov,Male,36.145.3.60
937,Elmer,Harbach,eharbachq0@phoca.cz,Male,85.138.89.91
938,Isidor,Raulston,iraulstonq1@tmall.com,Polygender,126.216.111.34
939,Mildred,Autie,mautieq2@google.com,Female,47.1.161.44
940,Sterling,Thorius,sthoriusq3@nytimes.com,Male,185.86.169.217
941,Rolando,Whellans,rwhellansq4@dyndns.org,Male,172.67.97.67
942,Olivero,Carlan,ocarlanq5@google.pl,Non-binary,52.211.19.213
943,Chrissy,Hatto,chattoq6@addtoany.com,Female,66.73.98.196
944,Vivianna,Bragge,vbraggeq7@google.de,Female,228.14.121.58
945,Jonah,Hanscom,jhanscomq8@google.de,Male,240.154.68.0
946,Jayne,Thrower,jthrowerq9@godaddy.com,Female,104.146.154.42
947,Gabbie,Skylett,gskylettqa@goo.gl,Male,179.91.8.237
948,Dayna,Burras,dburrasqb@boston.com,Female,222.130.172.185
949,Lizzie,Fairey,lfaireyqc@imageshack.us,Female,165.27.202.81
950,Woodman,Colegate,wcolegateqd@va.gov,Male,221.57.41.161
951,Dewey,Aitkin,daitkinqe@posterous.com,Male,250.81.22.196
952,Ruthe,Plume,rplumeqf@admin.ch,Female,228.146.71.54
953,Boone,Glading,bgladingqg@cdc.gov,Male,63.78.130.43
954,Dania,Kell,dkellqh@ustream.tv,Female,211.116.166.247
955,Adoree,Gland,aglandqi@twitter.com,Female,130.39.178.233
956,Nissie,Fordy,nfordyqj@mtv.com,Female,95.208.249.0
957,Dame,Moxon,dmoxonqk@goodreads.com,Male,38.17.102.245
958,Roana,Stebbings,rstebbingsql@w3.org,Female,73.75.7.231
959,Brenn,Bilbrey,bbilbreyqm@columbia.edu,Female,1.89.220.181
960,Keane,Moger,kmogerqn@go.com,Non-binary,145.171.58.177
961,See,Verdey,sverdeyqo@angelfire.com,Male,61.216.83.232
962,Norah,Gillott,ngillottqp@reverbnation.com,Female,142.108.101.150
963,Web,Hathwood,whathwoodqq@census.gov,Male,72.66.85.146
964,Freddie,Paulley,fpaulleyqr@twitpic.com,Male,241.2.91.48
965,Kandy,Donlon,kdonlonqs@linkedin.com,Female,208.61.59.108
966,Rosalia,Burtonshaw,rburtonshawqt@sciencedaily.com,Female,21.244.253.153
967,Alina,Makiver,amakiverqu@barnesandnoble.com,Female,30.41.71.149
968,Thorvald,Schieferstein,tschiefersteinqv@devhub.com,Male,248.91.254.131
969,Ashely,Benoist,abenoistqw@360.cn,Female,234.97.247.212
970,Andras,Griffithe,agriffitheqx@time.com,Male,26.248.35.24
971,Hamnet,Fozard,hfozardqy@hhs.gov,Male,193.122.104.101
972,Ludwig,Monckton,lmoncktonqz@mozilla.com,Male,192.84.132.248
973,Candice,Aldington,caldingtonr0@youku.com,Female,142.157.180.0
974,Bathsheba,Piquard,bpiquardr1@dell.com,Female,148.188.92.240
975,Kassey,Kasparski,kkasparskir2@stumbleupon.com,Female,20.210.130.89
976,Charmian,Faichney,cfaichneyr3@miibeian.gov.cn,Polygender,231.89.13.212
977,Haydon,Pleaden,hpleadenr4@apple.com,Male,9.21.225.101
978,Audrie,MacKeller,amackellerr5@php.net,Female,79.193.147.30
979,Hilario,Jeroch,hjerochr6@parallels.com,Non-binary,75.130.240.176
980,Bordie,Binnell,bbinnellr7@hibu.com,Male,192.67.27.20
981,Marrilee,Howitt,mhowittr8@alexa.com,Female,18.204.109.244
982,Ricky,Bromige,rbromiger9@goodreads.com,Male,187.22.244.216
983,Serena,McIlvoray,smcilvorayra@cisco.com,Female,251.155.129.53
984,Gael,Bowling,gbowlingrb@weather.com,Genderfluid,144.207.174.113
985,Pennie,Badini,pbadinirc@mediafire.com,Male,202.196.48.255
986,Ricki,Beaulieu,rbeaulieurd@dagondesign.com,Female,211.255.201.193
987,Katuscha,Moggach,kmoggachre@hibu.com,Female,36.212.169.72
988,Sholom,Lisamore,slisamorerf@nhs.uk,Male,25.88.23.169
989,Kate,Wein,kweinrg@msu.edu,Female,130.171.230.204
990,Leeann,Smorfit,lsmorfitrh@pbs.org,Female,59.115.165.99
991,Joannes,Hairesnape,jhairesnaperi@yahoo.com,Female,137.10.57.242
992,Emily,Thalmann,ethalmannrj@etsy.com,Female,26.23.225.103
993,Kerry,Strass,kstrassrk@ameblo.jp,Genderfluid,123.125.19.217
994,Taffy,Sisnett,tsisnettrl@indiatimes.com,Female,90.6.0.72
995,Marie-jeanne,Gilbody,mgilbodyrm@altervista.org,Female,224.130.46.248
996,Euphemia,Cochern,ecochernrn@ameblo.jp,Female,117.28.76.71
997,Cross,Massenhove,cmassenhovero@behance.net,Male,113.159.25.108
998,Jessica,Cantero,jcanterorp@google.nl,Female,240.241.201.34
999,Hubey,Worley,hworleyrq@sun.com,Male,111.90.121.170
1000,Perceval,Karpeev,pkarpeevrr@smugmug.com,Male,230.75.243.183
1001,Jennifer,Edwards,jessica28@example.org,Male,217.36.126.1071001,Brandon,Bass,kayla29@example.net,Male,168.197.239.145
1003,Darrell,Jordan,jonesanita@example.net,Male,194.255.35.223
